Feature Set,Model,Accuracy,Precision,Recall,F1,ROC_AUC
SENSOR FEATURES,Random Forest,1.0,1.0,1.0,1.0,1.0
SENSOR FEATURES,Logistic Regression,1.0,1.0,1.0,1.0,1.0
SENSOR FEATURES,SVM,1.0,1.0,1.0,1.0,1.0
SENSOR FEATURES,Gradient Boosting,0.99375,1.0,0.9705882352941176,0.9850746268656716,0.9852941176470589
SENSOR FEATURES,ANN,1.0,1.0,1.0,1.0,1.0
FULL FEATURES,Random Forest,1.0,1.0,1.0,1.0,1.0
FULL FEATURES,Logistic Regression,1.0,1.0,1.0,1.0,1.0
FULL FEATURES,SVM,1.0,1.0,1.0,1.0,1.0
FULL FEATURES,Gradient Boosting,0.99375,1.0,0.9705882352941176,0.9850746268656716,0.9852941176470589
FULL FEATURES,ANN,1.0,1.0,1.0,1.0,1.0
